{
  "name": "Sky (Gay)",
  "active": false,
  "navigation": false,
  "navOrder": 0,
  "navName": "",
  "img": "modules/SharedData/images/map2(43x21).jpg",
  "foreground": "",
  "thumb": "worlds/the-vault/scenes/thumbs/yfU5b71VCj7v9poE.png",
  "width": 4300,
  "height": 2100,
  "padding": 0.25,
  "initial": {
    "x": 4565,
    "y": 1335,
    "scale": 0.78
  },
  "backgroundColor": "#999999",
  "gridType": 1,
  "grid": 100,
  "shiftX": 0,
  "shiftY": 0,
  "gridColor": "#000000",
  "gridAlpha": 0.05,
  "gridDistance": 5,
  "gridUnits": "ft",
  "tokenVision": true,
  "fogExploration": true,
  "fogReset": null,
  "globalLight": false,
  "globalLightThreshold": null,
  "darkness": 0.25,
  "drawings": [],
  "tokens": [],
  "lights": [
    {
      "_id": "hEkWWMQwamtw8jLL",
      "t": "l",
      "x": 3250,
      "y": 1650,
      "rotation": 0,
      "dim": 100,
      "bright": 120,
      "angle": 0,
      "tintAlpha": 0.25,
      "lightAnimation": {
        "speed": 2,
        "intensity": 3,
        "type": "fog"
      },
      "darknessThreshold": 0,
      "darkness": {
        "min": 0,
        "max": 1
      },
      "hidden": false,
      "flags": {},
      "tintColor": "#ffae00"
    },
    {
      "_id": "9z2xbRHjP6Tfs86B",
      "t": "g",
      "x": 4063,
      "y": 1542,
      "rotation": 0,
      "dim": 7,
      "bright": 3,
      "angle": 0,
      "tintColor": "#ffae00",
      "tintAlpha": 0.36,
      "lightAnimation": {
        "speed": 4,
        "intensity": 6,
        "type": "ghost"
      },
      "darknessThreshold": 0,
      "darkness": {
        "min": 0,
        "max": 1
      },
      "hidden": false,
      "flags": {}
    },
    {
      "_id": "xi9y6Wk1wrq4Ych6",
      "t": "g",
      "x": 3569.047619047619,
      "y": 1030.9523809523807,
      "rotation": 0,
      "dim": 7,
      "bright": 3,
      "angle": 0,
      "tintColor": "#ffae00",
      "tintAlpha": 0.36,
      "lightAnimation": {
        "speed": 4,
        "intensity": 6,
        "type": "ghost"
      },
      "darknessThreshold": 0,
      "darkness": {
        "min": 0,
        "max": 1
      },
      "hidden": false,
      "flags": {}
    },
    {
      "_id": "AwQDTaergG4gj2AB",
      "t": "g",
      "x": 3077.4677289679844,
      "y": 1514.4162879158912,
      "rotation": 0,
      "dim": 7,
      "bright": 3,
      "angle": 0,
      "tintColor": "#ffae00",
      "tintAlpha": 0.36,
      "lightAnimation": {
        "speed": 4,
        "intensity": 6,
        "type": "ghost"
      },
      "darknessThreshold": 0,
      "darkness": {
        "min": 0,
        "max": 1
      },
      "hidden": false,
      "flags": {}
    },
    {
      "_id": "G74gfYTw8CoDxYmi",
      "t": "g",
      "x": 3556.832808333064,
      "y": 2017.590891090494,
      "rotation": 0,
      "dim": 7,
      "bright": 3,
      "angle": 0,
      "tintColor": "#ffae00",
      "tintAlpha": 0.36,
      "lightAnimation": {
        "speed": 4,
        "intensity": 6,
        "type": "ghost"
      },
      "darknessThreshold": 0,
      "darkness": {
        "min": 0,
        "max": 1
      },
      "hidden": false,
      "flags": {}
    },
    {
      "_id": "m31DIy0vAcCIK4DZ",
      "t": "g",
      "x": 4552.070903571159,
      "y": 2022.3527958523991,
      "rotation": 0,
      "dim": 7,
      "bright": 3,
      "angle": 0,
      "tintColor": "#ffae00",
      "tintAlpha": 0.36,
      "lightAnimation": {
        "speed": 4,
        "intensity": 6,
        "type": "ghost"
      },
      "darknessThreshold": 0,
      "darkness": {
        "min": 0,
        "max": 1
      },
      "hidden": false,
      "flags": {}
    },
    {
      "_id": "ovvPlcZBleOQ8hn6",
      "t": "g",
      "x": 4925.086776587032,
      "y": 1866.7972402968435,
      "rotation": 0,
      "dim": 7,
      "bright": 3,
      "angle": 0,
      "tintColor": "#ffae00",
      "tintAlpha": 0.36,
      "lightAnimation": {
        "speed": 4,
        "intensity": 6,
        "type": "ghost"
      },
      "darknessThreshold": 0,
      "darkness": {
        "min": 0,
        "max": 1
      },
      "hidden": false,
      "flags": {}
    },
    {
      "_id": "MsxlrUAuapoqgRsH",
      "t": "g",
      "x": 5294.928046428302,
      "y": 1022.3527958523993,
      "rotation": 0,
      "dim": 7,
      "bright": 3,
      "angle": 0,
      "tintColor": "#ffae00",
      "tintAlpha": 0.36,
      "lightAnimation": {
        "speed": 4,
        "intensity": 6,
        "type": "ghost"
      },
      "darknessThreshold": 0,
      "darkness": {
        "min": 0,
        "max": 1
      },
      "hidden": false,
      "flags": {}
    },
    {
      "_id": "C1Y12xQubk0MNj24",
      "t": "g",
      "x": 4906.767421602616,
      "y": 642.8087358669993,
      "rotation": 0,
      "dim": 7,
      "bright": 3,
      "angle": 0,
      "tintColor": "#ffae00",
      "tintAlpha": 0.36,
      "lightAnimation": {
        "speed": 4,
        "intensity": 6,
        "type": "ghost"
      },
      "darknessThreshold": 0,
      "darkness": {
        "min": 0,
        "max": 1
      },
      "hidden": false,
      "flags": {}
    },
    {
      "_id": "hH5CdOYmYVFhwXq9",
      "t": "g",
      "x": 3682.957897793093,
      "y": 688.8404818987453,
      "rotation": 0,
      "dim": 7,
      "bright": 3,
      "angle": 0,
      "tintColor": "#ffae00",
      "tintAlpha": 0.36,
      "lightAnimation": {
        "speed": 4,
        "intensity": 6,
        "type": "ghost"
      },
      "darknessThreshold": 0,
      "darkness": {
        "min": 0,
        "max": 1
      },
      "hidden": false,
      "flags": {}
    },
    {
      "_id": "AmRZE5pJgyUoIjII",
      "t": "g",
      "x": 3986.1325009676957,
      "y": 825.3484184066818,
      "rotation": 0,
      "dim": 7,
      "bright": 3,
      "angle": 0,
      "tintColor": "#ffae00",
      "tintAlpha": 0.36,
      "lightAnimation": {
        "speed": 4,
        "intensity": 6,
        "type": "ghost"
      },
      "darknessThreshold": 0,
      "darkness": {
        "min": 0,
        "max": 1
      },
      "hidden": false,
      "flags": {}
    },
    {
      "_id": "0i5RGCGFV5NXHSOV",
      "t": "g",
      "x": 3695.612361810846,
      "y": 2399.3868070261,
      "rotation": 0,
      "dim": 7,
      "bright": 3,
      "angle": 0,
      "tintColor": "#ffae00",
      "tintAlpha": 0.36,
      "lightAnimation": {
        "speed": 4,
        "intensity": 6,
        "type": "ghost"
      },
      "darknessThreshold": 0,
      "darkness": {
        "min": 0,
        "max": 1
      },
      "hidden": false,
      "flags": {}
    },
    {
      "_id": "Dupm7eIJn1xt6Pd5",
      "t": "g",
      "x": 4430.906479457904,
      "y": 2373.8966109476687,
      "rotation": 0,
      "dim": 7,
      "bright": 3,
      "angle": 0,
      "tintColor": "#ffae00",
      "tintAlpha": 0.36,
      "lightAnimation": {
        "speed": 4,
        "intensity": 6,
        "type": "ghost"
      },
      "darknessThreshold": 0,
      "darkness": {
        "min": 0,
        "max": 1
      },
      "hidden": false,
      "flags": {}
    },
    {
      "_id": "o6CfwLkdehyatGDE",
      "t": "g",
      "x": 5042.671185340258,
      "y": 2530.759356045708,
      "rotation": 0,
      "dim": 7,
      "bright": 3,
      "angle": 0,
      "tintColor": "#ffae00",
      "tintAlpha": 0.36,
      "lightAnimation": {
        "speed": 4,
        "intensity": 6,
        "type": "ghost"
      },
      "darknessThreshold": 0,
      "darkness": {
        "min": 0,
        "max": 1
      },
      "hidden": false,
      "flags": {}
    },
    {
      "_id": "yDCeuvPHgsaJq5oX",
      "t": "g",
      "x": 4044.631969653983,
      "y": 2515.073081535904,
      "rotation": 0,
      "dim": 7,
      "bright": 3,
      "angle": 0,
      "tintColor": "#ffae00",
      "tintAlpha": 0.36,
      "lightAnimation": {
        "speed": 4,
        "intensity": 6,
        "type": "ghost"
      },
      "darknessThreshold": 0,
      "darkness": {
        "min": 0,
        "max": 1
      },
      "hidden": false,
      "flags": {}
    },
    {
      "_id": "fRI5JECeFrLA8E2p",
      "t": "g",
      "x": 3219.3050758527997,
      "y": 1894.4111368988256,
      "rotation": 0,
      "dim": 7,
      "bright": 3,
      "angle": 0,
      "tintColor": "#ffae00",
      "tintAlpha": 0.36,
      "lightAnimation": {
        "speed": 4,
        "intensity": 6,
        "type": "ghost"
      },
      "darknessThreshold": 0,
      "darkness": {
        "min": 0,
        "max": 1
      },
      "hidden": false,
      "flags": {}
    },
    {
      "_id": "OUgKZ8WQtPKdlNsP",
      "t": "g",
      "x": 3194.0095287112185,
      "y": 1175.4947022089702,
      "rotation": 0,
      "dim": 7,
      "bright": 3,
      "angle": 0,
      "tintColor": "#ffae00",
      "tintAlpha": 0.36,
      "lightAnimation": {
        "speed": 4,
        "intensity": 6,
        "type": "ghost"
      },
      "darknessThreshold": 0,
      "darkness": {
        "min": 0,
        "max": 1
      },
      "hidden": false,
      "flags": {}
    },
    {
      "_id": "tH5P29IG2IWQV729",
      "t": "g",
      "x": 2701.85266596612,
      "y": 669.6123492677938,
      "rotation": 0,
      "dim": 7,
      "bright": 3,
      "angle": 0,
      "tintColor": "#ffae00",
      "tintAlpha": 0.36,
      "lightAnimation": {
        "speed": 4,
        "intensity": 6,
        "type": "ghost"
      },
      "darknessThreshold": 0,
      "darkness": {
        "min": 0,
        "max": 1
      },
      "hidden": false,
      "flags": {}
    },
    {
      "_id": "9vls0iJoXhdpOe0G",
      "t": "g",
      "x": 2720.067415760665,
      "y": 2390.0063738047784,
      "rotation": 0,
      "dim": 7,
      "bright": 3,
      "angle": 0,
      "tintColor": "#ffae00",
      "tintAlpha": 0.36,
      "lightAnimation": {
        "speed": 4,
        "intensity": 6,
        "type": "ghost"
      },
      "darknessThreshold": 0,
      "darkness": {
        "min": 0,
        "max": 1
      },
      "hidden": false,
      "flags": {}
    },
    {
      "_id": "k4NhUogt5IPm5kWQ",
      "t": "g",
      "x": 2702.4203569371357,
      "y": 1654.7122561577194,
      "rotation": 0,
      "dim": 7,
      "bright": 3,
      "angle": 0,
      "tintColor": "#ffae00",
      "tintAlpha": 0.36,
      "lightAnimation": {
        "speed": 4,
        "intensity": 6,
        "type": "ghost"
      },
      "darknessThreshold": 0,
      "darkness": {
        "min": 0,
        "max": 1
      },
      "hidden": false,
      "flags": {}
    },
    {
      "_id": "RWJAemt7IZd1TsBM",
      "t": "g",
      "x": 2700.180156152822,
      "y": 1172.1727110596798,
      "rotation": 0,
      "dim": 7,
      "bright": 3,
      "angle": 0,
      "tintColor": "#ffae00",
      "tintAlpha": 0.36,
      "lightAnimation": {
        "speed": 4,
        "intensity": 6,
        "type": "ghost"
      },
      "darknessThreshold": 0,
      "darkness": {
        "min": 0,
        "max": 1
      },
      "hidden": false,
      "flags": {}
    },
    {
      "_id": "BL0BYUUn2vJn8g3n",
      "t": "g",
      "x": 2182.5330973292926,
      "y": 1164.329573804778,
      "rotation": 0,
      "dim": 7,
      "bright": 3,
      "angle": 0,
      "tintColor": "#ffae00",
      "tintAlpha": 0.36,
      "lightAnimation": {
        "speed": 4,
        "intensity": 6,
        "type": "ghost"
      },
      "darknessThreshold": 0,
      "darkness": {
        "min": 0,
        "max": 1
      },
      "hidden": false,
      "flags": {}
    },
    {
      "_id": "ZiVfsyFbSZjDECQl",
      "t": "g",
      "x": 2584.4938816430176,
      "y": 1009.4276130204643,
      "rotation": 0,
      "dim": 7,
      "bright": 3,
      "angle": 0,
      "tintColor": "#ffae00",
      "tintAlpha": 0.36,
      "lightAnimation": {
        "speed": 4,
        "intensity": 6,
        "type": "ghost"
      },
      "darknessThreshold": 0,
      "darkness": {
        "min": 0,
        "max": 1
      },
      "hidden": false,
      "flags": {}
    },
    {
      "_id": "YSp6Qhglf8OmEsqa",
      "t": "g",
      "x": 3943.219233691835,
      "y": 1870.8611483852162,
      "rotation": 0,
      "dim": 7,
      "bright": 3,
      "angle": 0,
      "tintColor": "#ffae00",
      "tintAlpha": 0.36,
      "lightAnimation": {
        "speed": 4,
        "intensity": 6,
        "type": "ghost"
      },
      "darknessThreshold": 0,
      "darkness": {
        "min": 0,
        "max": 1
      },
      "hidden": false,
      "flags": {}
    },
    {
      "_id": "9tqPfTJInuJLcBfP",
      "t": "g",
      "x": 4174.171614644216,
      "y": 2142.2897198137875,
      "rotation": 0,
      "dim": 7,
      "bright": 3,
      "angle": 0,
      "tintColor": "#ffae00",
      "tintAlpha": 0.36,
      "lightAnimation": {
        "speed": 4,
        "intensity": 6,
        "type": "ghost"
      },
      "darknessThreshold": 0,
      "darkness": {
        "min": 0,
        "max": 1
      },
      "hidden": false,
      "flags": {}
    },
    {
      "_id": "xQ7yHTA9t4GoCPIr",
      "t": "g",
      "x": 4408.695424168025,
      "y": 666.277815051883,
      "rotation": 0,
      "dim": 7,
      "bright": 3,
      "angle": 0,
      "tintColor": "#ffae00",
      "tintAlpha": 0.36,
      "lightAnimation": {
        "speed": 4,
        "intensity": 6,
        "type": "ghost"
      },
      "darknessThreshold": 0,
      "darkness": {
        "min": 0,
        "max": 1
      },
      "hidden": false,
      "flags": {}
    },
    {
      "_id": "0TmbmqNesq5l48oF",
      "t": "g",
      "x": 5338.695424168025,
      "y": 1688.777815051883,
      "rotation": 0,
      "dim": 7,
      "bright": 3,
      "angle": 0,
      "tintColor": "#ffae00",
      "tintAlpha": 0.36,
      "lightAnimation": {
        "speed": 4,
        "intensity": 6,
        "type": "ghost"
      },
      "darknessThreshold": 0,
      "darkness": {
        "min": 0,
        "max": 1
      },
      "hidden": false,
      "flags": {}
    }
  ],
  "notes": [],
  "sounds": [
    {
      "_id": "M8A9x2ITRjW2rx2K",
      "type": "l",
      "x": 4705,
      "y": 1302,
      "radius": 150,
      "path": "modules/SharedData/sound/Vienna%20Philharmonic%20Spartacus%20Adagio%20of%20Spartacus%20and%20Phrygia.mp3",
      "repeat": false,
      "volume": 1,
      "easing": true,
      "hidden": false,
      "darkness": {
        "min": 0,
        "max": 1
      },
      "flags": {}
    }
  ],
  "templates": [],
  "tiles": [],
  "walls": [
    {
      "_id": "PVGofn8fpHz0YJtT",
      "c": [
        5387,
        600,
        1097,
        599
      ],
      "move": 1,
      "sense": 1,
      "sound": 1,
      "dir": 0,
      "door": 0,
      "ds": 0,
      "flags": {}
    },
    {
      "_id": "r4WLOWAAZcPRIpbm",
      "c": [
        1096,
        2700,
        1097,
        597
      ],
      "move": 1,
      "sense": 1,
      "sound": 1,
      "dir": 0,
      "door": 0,
      "ds": 0,
      "flags": {}
    },
    {
      "_id": "As5F9UqAgTMCqivf",
      "c": [
        5400,
        600,
        5400,
        2700
      ],
      "move": 1,
      "sense": 1,
      "sound": 1,
      "dir": 0,
      "door": 0,
      "ds": 0,
      "flags": {}
    },
    {
      "_id": "duNLMxGg7t9K9zRP",
      "c": [
        5400,
        2700,
        1100,
        2700
      ],
      "move": 1,
      "sense": 1,
      "sound": 1,
      "dir": 0,
      "door": 0,
      "ds": 0,
      "flags": {}
    },
    {
      "_id": "gaWWDDRqFZjJRltI",
      "c": [
        5387,
        600,
        5400,
        600
      ],
      "move": 1,
      "sense": 1,
      "sound": 1,
      "dir": 0,
      "door": 0,
      "ds": 0,
      "flags": {}
    }
  ],
  "playlist": null,
  "playlistSound": null,
  "journal": null,
  "weather": "",
  "sort": 0,
  "flags": {
    "exportSource": {
      "world": "the-vault",
      "system": "dnd5e",
      "coreVersion": "0.8.9",
      "systemVersion": "1.4.3"
    }
  }
}