{
  "name": "Backyard (Gay)",
  "active": false,
  "navigation": false,
  "navOrder": 0,
  "navName": "",
  "img": "modules/SharedData/images/map(43x21).jpg",
  "foreground": "",
  "thumb": "worlds/the-vault/scenes/thumbs/Xyq9WwKfMWluW2f1.png",
  "width": 4300,
  "height": 2100,
  "padding": 0.25,
  "initial": {
    "x": 2293,
    "y": 2062,
    "scale": 0.82
  },
  "backgroundColor": "#999999",
  "gridType": 1,
  "grid": 100,
  "shiftX": 0,
  "shiftY": 0,
  "gridColor": "#000000",
  "gridAlpha": 0.05,
  "gridDistance": 5,
  "gridUnits": "ft",
  "tokenVision": true,
  "fogExploration": false,
  "fogReset": null,
  "globalLight": false,
  "globalLightThreshold": null,
  "darkness": 0.25,
  "drawings": [],
  "tokens": [],
  "lights": [
    {
      "_id": "ZwebRzeS4RmFZ9DQ",
      "t": "l",
      "x": 1550,
      "y": 2650,
      "rotation": 0,
      "dim": 15.48,
      "bright": 7.74,
      "angle": 0,
      "tintAlpha": 0.25,
      "lightAnimation": {
        "speed": 2,
        "intensity": 3,
        "type": "pulse"
      },
      "darknessThreshold": 0,
      "darkness": {
        "min": 0,
        "max": 1
      },
      "hidden": false,
      "flags": {},
      "tintColor": "#fd2137"
    },
    {
      "_id": "tXCBLZ5jh4zO6JDR",
      "t": "l",
      "x": 1250,
      "y": 2050,
      "rotation": 0,
      "dim": 15.48,
      "bright": 7.74,
      "angle": 0,
      "tintColor": "#fd2137",
      "tintAlpha": 0.25,
      "lightAnimation": {
        "speed": 2,
        "intensity": 3,
        "type": "pulse"
      },
      "darknessThreshold": 0,
      "darkness": {
        "min": 0,
        "max": 1
      },
      "hidden": false,
      "flags": {}
    },
    {
      "_id": "doXyQC3e7Eh1i11w",
      "t": "l",
      "x": 1550,
      "y": 2050,
      "rotation": 0,
      "dim": 15.48,
      "bright": 7.74,
      "angle": 0,
      "tintColor": "#fd2137",
      "tintAlpha": 0.25,
      "lightAnimation": {
        "speed": 2,
        "intensity": 3,
        "type": "pulse"
      },
      "darknessThreshold": 0,
      "darkness": {
        "min": 0,
        "max": 1
      },
      "hidden": false,
      "flags": {}
    },
    {
      "_id": "fpAAadQbJXn9b2HB",
      "t": "l",
      "x": 1700,
      "y": 1600,
      "rotation": 0,
      "dim": 15.48,
      "bright": 7.74,
      "angle": 0,
      "tintColor": "#fd2137",
      "tintAlpha": 0.25,
      "lightAnimation": {
        "speed": 2,
        "intensity": 3,
        "type": "pulse"
      },
      "darknessThreshold": 0,
      "darkness": {
        "min": 0,
        "max": 1
      },
      "hidden": false,
      "flags": {}
    },
    {
      "_id": "NrgqfCWThXNQKRk7",
      "t": "l",
      "x": 1450,
      "y": 1400,
      "rotation": 0,
      "dim": 15.48,
      "bright": 7.74,
      "angle": 0,
      "tintColor": "#fd2137",
      "tintAlpha": 0.25,
      "lightAnimation": {
        "speed": 2,
        "intensity": 3,
        "type": "pulse"
      },
      "darknessThreshold": 0,
      "darkness": {
        "min": 0,
        "max": 1
      },
      "hidden": false,
      "flags": {}
    },
    {
      "_id": "VaF4JiJb3UouXDGg",
      "t": "l",
      "x": 2150,
      "y": 1450,
      "rotation": 0,
      "dim": 15.48,
      "bright": 7.74,
      "angle": 0,
      "tintColor": "#fd2137",
      "tintAlpha": 0.25,
      "lightAnimation": {
        "speed": 2,
        "intensity": 3,
        "type": "pulse"
      },
      "darknessThreshold": 0,
      "darkness": {
        "min": 0,
        "max": 1
      },
      "hidden": false,
      "flags": {}
    },
    {
      "_id": "IHQWlK704wWeycn0",
      "t": "l",
      "x": 2150,
      "y": 1150,
      "rotation": 0,
      "dim": 15.48,
      "bright": 7.74,
      "angle": 0,
      "tintColor": "#fd2137",
      "tintAlpha": 0.25,
      "lightAnimation": {
        "speed": 2,
        "intensity": 3,
        "type": "pulse"
      },
      "darknessThreshold": 0,
      "darkness": {
        "min": 0,
        "max": 1
      },
      "hidden": false,
      "flags": {}
    },
    {
      "_id": "3dp47aus4U2WAVCu",
      "t": "l",
      "x": 2750,
      "y": 1150,
      "rotation": 0,
      "dim": 15.48,
      "bright": 7.74,
      "angle": 0,
      "tintColor": "#fd2137",
      "tintAlpha": 0.25,
      "lightAnimation": {
        "speed": 2,
        "intensity": 3,
        "type": "pulse"
      },
      "darknessThreshold": 0,
      "darkness": {
        "min": 0,
        "max": 1
      },
      "hidden": false,
      "flags": {}
    },
    {
      "_id": "LcPGFah9PB1nwbaU",
      "t": "l",
      "x": 2750,
      "y": 1450,
      "rotation": 0,
      "dim": 15.48,
      "bright": 7.74,
      "angle": 0,
      "tintColor": "#fd2137",
      "tintAlpha": 0.25,
      "lightAnimation": {
        "speed": 2,
        "intensity": 3,
        "type": "pulse"
      },
      "darknessThreshold": 0,
      "darkness": {
        "min": 0,
        "max": 1
      },
      "hidden": false,
      "flags": {}
    },
    {
      "_id": "AGaZvdgiFJ5n1tku",
      "t": "l",
      "x": 3350,
      "y": 1150,
      "rotation": 0,
      "dim": 15.48,
      "bright": 7.74,
      "angle": 0,
      "tintColor": "#fd2137",
      "tintAlpha": 0.25,
      "lightAnimation": {
        "speed": 2,
        "intensity": 3,
        "type": "pulse"
      },
      "darknessThreshold": 0,
      "darkness": {
        "min": 0,
        "max": 1
      },
      "hidden": false,
      "flags": {}
    },
    {
      "_id": "UOXs0MLkoGiTZQN0",
      "t": "l",
      "x": 3350,
      "y": 1450,
      "rotation": 0,
      "dim": 15.48,
      "bright": 7.74,
      "angle": 0,
      "tintColor": "#fd2137",
      "tintAlpha": 0.25,
      "lightAnimation": {
        "speed": 2,
        "intensity": 3,
        "type": "pulse"
      },
      "darknessThreshold": 0,
      "darkness": {
        "min": 0,
        "max": 1
      },
      "hidden": false,
      "flags": {}
    },
    {
      "_id": "IMZWrr8Jkn4QKlZQ",
      "t": "l",
      "x": 3950,
      "y": 1150,
      "rotation": 0,
      "dim": 15.48,
      "bright": 7.74,
      "angle": 0,
      "tintColor": "#fd2137",
      "tintAlpha": 0.25,
      "lightAnimation": {
        "speed": 2,
        "intensity": 3,
        "type": "pulse"
      },
      "darknessThreshold": 0,
      "darkness": {
        "min": 0,
        "max": 1
      },
      "hidden": false,
      "flags": {}
    },
    {
      "_id": "0nRIJKpOZJvtJUPh",
      "t": "l",
      "x": 3950,
      "y": 1450,
      "rotation": 0,
      "dim": 15.48,
      "bright": 7.74,
      "angle": 0,
      "tintColor": "#fd2137",
      "tintAlpha": 0.25,
      "lightAnimation": {
        "speed": 2,
        "intensity": 3,
        "type": "pulse"
      },
      "darknessThreshold": 0,
      "darkness": {
        "min": 0,
        "max": 1
      },
      "hidden": false,
      "flags": {}
    },
    {
      "_id": "EtdeT2HrRQprGnEE",
      "t": "l",
      "x": 4250,
      "y": 850,
      "rotation": 0,
      "dim": 15.48,
      "bright": 7.74,
      "angle": 0,
      "tintColor": "#fd2137",
      "tintAlpha": 0.25,
      "lightAnimation": {
        "speed": 2,
        "intensity": 3,
        "type": "pulse"
      },
      "darknessThreshold": 0,
      "darkness": {
        "min": 0,
        "max": 1
      },
      "hidden": false,
      "flags": {}
    },
    {
      "_id": "SkzJ10pQoVLv1qlq",
      "t": "l",
      "x": 1250,
      "y": 2650,
      "rotation": 0,
      "dim": 15.48,
      "bright": 7.74,
      "angle": 0,
      "tintColor": "#fd2137",
      "tintAlpha": 0.25,
      "lightAnimation": {
        "speed": 2,
        "intensity": 3,
        "type": "pulse"
      },
      "darknessThreshold": 0,
      "darkness": {
        "min": 0,
        "max": 1
      },
      "hidden": false,
      "flags": {}
    },
    {
      "_id": "rImG6zYJiLabsYVP",
      "t": "l",
      "x": 4700,
      "y": 700,
      "rotation": 0,
      "dim": 15.48,
      "bright": 7.74,
      "angle": 0,
      "tintColor": "#fd2137",
      "tintAlpha": 0.25,
      "lightAnimation": {
        "speed": 2,
        "intensity": 3,
        "type": "pulse"
      },
      "darknessThreshold": 0,
      "darkness": {
        "min": 0,
        "max": 1
      },
      "hidden": false,
      "flags": {}
    },
    {
      "_id": "FArvdq8wnftpJ6oV",
      "t": "l",
      "x": 5150,
      "y": 850,
      "rotation": 0,
      "dim": 15.48,
      "bright": 7.74,
      "angle": 0,
      "tintColor": "#fd2137",
      "tintAlpha": 0.25,
      "lightAnimation": {
        "speed": 2,
        "intensity": 3,
        "type": "pulse"
      },
      "darknessThreshold": 0,
      "darkness": {
        "min": 0,
        "max": 1
      },
      "hidden": false,
      "flags": {}
    },
    {
      "_id": "qVy8loboDyb3xVlz",
      "t": "l",
      "x": 5300,
      "y": 1300,
      "rotation": 0,
      "dim": 15.48,
      "bright": 7.74,
      "angle": 0,
      "tintColor": "#fd2137",
      "tintAlpha": 0.25,
      "lightAnimation": {
        "speed": 2,
        "intensity": 3,
        "type": "pulse"
      },
      "darknessThreshold": 0,
      "darkness": {
        "min": 0,
        "max": 1
      },
      "hidden": false,
      "flags": {}
    },
    {
      "_id": "a4EH4xSxqqQzt84H",
      "t": "l",
      "x": 5150,
      "y": 1750,
      "rotation": 0,
      "dim": 15.48,
      "bright": 7.74,
      "angle": 0,
      "tintColor": "#fd2137",
      "tintAlpha": 0.25,
      "lightAnimation": {
        "speed": 2,
        "intensity": 3,
        "type": "pulse"
      },
      "darknessThreshold": 0,
      "darkness": {
        "min": 0,
        "max": 1
      },
      "hidden": false,
      "flags": {}
    },
    {
      "_id": "b2puk1GrLNQknvEE",
      "t": "l",
      "x": 4700,
      "y": 1950,
      "rotation": 0,
      "dim": 15.48,
      "bright": 7.74,
      "angle": 0,
      "tintColor": "#fd2137",
      "tintAlpha": 0.25,
      "lightAnimation": {
        "speed": 2,
        "intensity": 3,
        "type": "pulse"
      },
      "darknessThreshold": 0,
      "darkness": {
        "min": 0,
        "max": 1
      },
      "hidden": false,
      "flags": {}
    },
    {
      "_id": "oFP7I8Okbv96xpIa",
      "t": "l",
      "x": 4250,
      "y": 1750,
      "rotation": 0,
      "dim": 15.48,
      "bright": 7.74,
      "angle": 0,
      "tintColor": "#fd2137",
      "tintAlpha": 0.25,
      "lightAnimation": {
        "speed": 2,
        "intensity": 3,
        "type": "pulse"
      },
      "darknessThreshold": 0,
      "darkness": {
        "min": 0,
        "max": 1
      },
      "hidden": false,
      "flags": {}
    },
    {
      "_id": "1CL0JDD2RLBVY7FR",
      "t": "l",
      "x": 4702.475177304964,
      "y": 1301.049645390071,
      "rotation": 0,
      "dim": 10,
      "bright": 2,
      "angle": 0,
      "tintColor": "#f4a701",
      "tintAlpha": 0.25,
      "lightAnimation": {
        "speed": 2,
        "intensity": 3,
        "type": "torch"
      },
      "darknessThreshold": 0,
      "darkness": {
        "min": 0,
        "max": 1
      },
      "hidden": false,
      "flags": {}
    }
  ],
  "notes": [],
  "sounds": [
    {
      "_id": "UQXS10ofqqhgvxgn",
      "type": "l",
      "x": 4700,
      "y": 1300,
      "radius": 66.44,
      "path": "modules/SharedData/sound/Vienna%20Philharmonic%20Spartacus%20Adagio%20of%20Spartacus%20and%20Phrygia.mp3",
      "repeat": false,
      "volume": 0.8,
      "easing": true,
      "hidden": false,
      "darkness": {
        "min": 0,
        "max": 1
      },
      "flags": {}
    }
  ],
  "templates": [],
  "tiles": [],
  "walls": [
    {
      "_id": "ZtTRzHN9KNzphwHH",
      "c": [
        1800,
        2700,
        1800,
        2400
      ],
      "move": 1,
      "sense": 1,
      "sound": 1,
      "dir": 0,
      "door": 0,
      "ds": 0,
      "flags": {}
    },
    {
      "_id": "kR9CDOXCNxzAjLls",
      "c": [
        2800,
        2400,
        1800,
        2400
      ],
      "move": 1,
      "sense": 1,
      "sound": 1,
      "dir": 0,
      "door": 0,
      "ds": 0,
      "flags": {}
    },
    {
      "_id": "TL1o5fIFvOqZBmzz",
      "c": [
        2800,
        2400,
        2800,
        2100
      ],
      "move": 1,
      "sense": 1,
      "sound": 1,
      "dir": 0,
      "door": 0,
      "ds": 0,
      "flags": {}
    },
    {
      "_id": "ZzA4AXpCVb5SBEGu",
      "c": [
        2800,
        2100,
        4100,
        2100
      ],
      "move": 1,
      "sense": 1,
      "sound": 1,
      "dir": 0,
      "door": 0,
      "ds": 0,
      "flags": {}
    },
    {
      "_id": "vdxQMs8ljWBoxvcL",
      "c": [
        4100,
        2100,
        4100,
        2700
      ],
      "move": 1,
      "sense": 1,
      "sound": 1,
      "dir": 0,
      "door": 0,
      "ds": 0,
      "flags": {}
    },
    {
      "_id": "H5y2ufkp3dYRQ18d",
      "c": [
        4062,
        1637,
        4125,
        1725
      ],
      "move": 0,
      "sense": 1,
      "sound": 1,
      "dir": 0,
      "door": 0,
      "ds": 0,
      "flags": {}
    },
    {
      "_id": "t0456s59pxmj1Mfs",
      "c": [
        4125,
        1725,
        4225,
        1850
      ],
      "move": 0,
      "sense": 1,
      "sound": 1,
      "dir": 0,
      "door": 0,
      "ds": 0,
      "flags": {}
    },
    {
      "_id": "GPSeeefCjPrbtKhP",
      "c": [
        4387,
        1950,
        4596,
        2003
      ],
      "move": 0,
      "sense": 1,
      "sound": 1,
      "dir": 0,
      "door": 0,
      "ds": 0,
      "flags": {}
    },
    {
      "_id": "32xN7j4UxEIu4Ayx",
      "c": [
        4387,
        1950,
        4225,
        1850
      ],
      "move": 0,
      "sense": 1,
      "sound": 1,
      "dir": 0,
      "door": 0,
      "ds": 0,
      "flags": {}
    },
    {
      "_id": "Jmw6RYbbPsaEWX2j",
      "c": [
        4801,
        2001,
        4597,
        2002
      ],
      "move": 0,
      "sense": 1,
      "sound": 1,
      "dir": 0,
      "door": 0,
      "ds": 0,
      "flags": {}
    },
    {
      "_id": "wU8HxHtpj57isfWu",
      "c": [
        4800,
        2000,
        5012,
        1962
      ],
      "move": 0,
      "sense": 1,
      "sound": 1,
      "dir": 0,
      "door": 0,
      "ds": 0,
      "flags": {}
    },
    {
      "_id": "tUgpP0v9EmUv9Nxe",
      "c": [
        5012,
        1962,
        5175,
        1837
      ],
      "move": 0,
      "sense": 1,
      "sound": 1,
      "dir": 0,
      "door": 0,
      "ds": 0,
      "flags": {}
    },
    {
      "_id": "lYhhGUIB5EULznd9",
      "c": [
        5175,
        1837,
        5300,
        1687
      ],
      "move": 0,
      "sense": 1,
      "sound": 1,
      "dir": 0,
      "door": 0,
      "ds": 0,
      "flags": {}
    },
    {
      "_id": "kpMCmp1KKvAwZyVW",
      "c": [
        5300,
        1687,
        5375,
        1525
      ],
      "move": 0,
      "sense": 1,
      "sound": 1,
      "dir": 0,
      "door": 0,
      "ds": 0,
      "flags": {}
    },
    {
      "_id": "yAdkWDzxTO3wOjZ3",
      "c": [
        5375,
        1525,
        5400,
        1350
      ],
      "move": 0,
      "sense": 1,
      "sound": 1,
      "dir": 0,
      "door": 0,
      "ds": 0,
      "flags": {}
    },
    {
      "_id": "XvnPcnZ1C3hTwzAp",
      "c": [
        5400,
        1350,
        5400,
        1137
      ],
      "move": 0,
      "sense": 1,
      "sound": 1,
      "dir": 0,
      "door": 0,
      "ds": 0,
      "flags": {}
    },
    {
      "_id": "iuEu57SHH826wHNw",
      "c": [
        5400,
        1137,
        5325,
        950
      ],
      "move": 0,
      "sense": 1,
      "sound": 1,
      "dir": 0,
      "door": 0,
      "ds": 0,
      "flags": {}
    },
    {
      "_id": "6r8cbrE76tdbpONe",
      "c": [
        5325,
        950,
        5187,
        787
      ],
      "move": 0,
      "sense": 1,
      "sound": 1,
      "dir": 0,
      "door": 0,
      "ds": 0,
      "flags": {}
    },
    {
      "_id": "ztVegy2ui9MyEBkb",
      "c": [
        5187,
        787,
        5000,
        662
      ],
      "move": 0,
      "sense": 1,
      "sound": 1,
      "dir": 0,
      "door": 0,
      "ds": 0,
      "flags": {}
    },
    {
      "_id": "7SHLAJmTGBc3UOdx",
      "c": [
        5000,
        662,
        4762,
        600
      ],
      "move": 0,
      "sense": 1,
      "sound": 1,
      "dir": 0,
      "door": 0,
      "ds": 0,
      "flags": {}
    },
    {
      "_id": "SQYpoYXJrrh3js6b",
      "c": [
        4762,
        600,
        4587,
        600
      ],
      "move": 0,
      "sense": 1,
      "sound": 1,
      "dir": 0,
      "door": 0,
      "ds": 0,
      "flags": {}
    },
    {
      "_id": "VXCmc2PrzcfH5Dtc",
      "c": [
        4587,
        600,
        4387,
        662
      ],
      "move": 0,
      "sense": 1,
      "sound": 1,
      "dir": 0,
      "door": 0,
      "ds": 0,
      "flags": {}
    },
    {
      "_id": "vsqhtyok0Qse6p2P",
      "c": [
        4387,
        662,
        4237,
        750
      ],
      "move": 0,
      "sense": 1,
      "sound": 1,
      "dir": 0,
      "door": 0,
      "ds": 0,
      "flags": {}
    },
    {
      "_id": "jFQyRJ8eJuHJRUTB",
      "c": [
        4237,
        750,
        4100,
        900
      ],
      "move": 0,
      "sense": 1,
      "sound": 1,
      "dir": 0,
      "door": 0,
      "ds": 0,
      "flags": {}
    },
    {
      "_id": "esrXLVtOMfoNYSzk",
      "c": [
        4100,
        900,
        4037,
        962
      ],
      "move": 0,
      "sense": 1,
      "sound": 1,
      "dir": 0,
      "door": 0,
      "ds": 0,
      "flags": {}
    },
    {
      "_id": "KKtzZ4FahsHntCwM",
      "c": [
        4037,
        962,
        3925,
        962
      ],
      "move": 0,
      "sense": 1,
      "sound": 1,
      "dir": 0,
      "door": 0,
      "ds": 0,
      "flags": {}
    },
    {
      "_id": "fUKyO4hKA612hJXn",
      "c": [
        3925,
        962,
        1812,
        975
      ],
      "move": 0,
      "sense": 1,
      "sound": 1,
      "dir": 0,
      "door": 0,
      "ds": 0,
      "flags": {}
    },
    {
      "_id": "FEL4Tdw4coMUcfQg",
      "c": [
        1812,
        975,
        1612,
        1012
      ],
      "move": 0,
      "sense": 1,
      "sound": 1,
      "dir": 0,
      "door": 0,
      "ds": 0,
      "flags": {}
    },
    {
      "_id": "pteT4JucXfPmggv4",
      "c": [
        1612,
        1012,
        1425,
        1112
      ],
      "move": 0,
      "sense": 1,
      "sound": 1,
      "dir": 0,
      "door": 0,
      "ds": 0,
      "flags": {}
    },
    {
      "_id": "SeCuAwylbRqWoGqz",
      "c": [
        1425,
        1112,
        1262,
        1237
      ],
      "move": 0,
      "sense": 1,
      "sound": 1,
      "dir": 0,
      "door": 0,
      "ds": 0,
      "flags": {}
    },
    {
      "_id": "BmnNTXr0i385Ine9",
      "c": [
        1262,
        1237,
        1150,
        1412
      ],
      "move": 0,
      "sense": 1,
      "sound": 1,
      "dir": 0,
      "door": 0,
      "ds": 0,
      "flags": {}
    },
    {
      "_id": "B8ahR7UA9Wcnnanf",
      "c": [
        1150,
        1412,
        1087,
        1637
      ],
      "move": 0,
      "sense": 1,
      "sound": 1,
      "dir": 0,
      "door": 0,
      "ds": 0,
      "flags": {}
    },
    {
      "_id": "C0ZSkgWzTHNizcaS",
      "c": [
        1725,
        2700,
        1725,
        1900
      ],
      "move": 0,
      "sense": 1,
      "sound": 1,
      "dir": 0,
      "door": 0,
      "ds": 0,
      "flags": {}
    },
    {
      "_id": "gC3lKqYu8fKXkZ6A",
      "c": [
        1725,
        1900,
        1750,
        1787
      ],
      "move": 0,
      "sense": 1,
      "sound": 1,
      "dir": 0,
      "door": 0,
      "ds": 0,
      "flags": {}
    },
    {
      "_id": "e3M9c4La9MJ1atQ4",
      "c": [
        1750,
        1787,
        1825,
        1687
      ],
      "move": 0,
      "sense": 1,
      "sound": 1,
      "dir": 0,
      "door": 0,
      "ds": 0,
      "flags": {}
    },
    {
      "_id": "q6xR2lpIqyEG6liV",
      "c": [
        1825,
        1687,
        1925,
        1637
      ],
      "move": 0,
      "sense": 1,
      "sound": 1,
      "dir": 0,
      "door": 0,
      "ds": 0,
      "flags": {}
    },
    {
      "_id": "hpd6tUoWP5hDtdcY",
      "c": [
        1925,
        1637,
        4062,
        1637
      ],
      "move": 0,
      "sense": 1,
      "sound": 1,
      "dir": 0,
      "door": 0,
      "ds": 0,
      "flags": {}
    },
    {
      "_id": "fpRi4wwIU7nzik4p",
      "c": [
        1800,
        2700,
        1087,
        2700
      ],
      "move": 1,
      "sense": 1,
      "sound": 1,
      "dir": 0,
      "door": 0,
      "ds": 0,
      "flags": {}
    },
    {
      "_id": "BgdBtllwuZDuktHz",
      "c": [
        1087,
        2687,
        1100,
        600
      ],
      "move": 1,
      "sense": 1,
      "sound": 1,
      "dir": 0,
      "door": 0,
      "ds": 0,
      "flags": {}
    },
    {
      "_id": "eCgh6ZRsmC6cMmn6",
      "c": [
        1100,
        600,
        5400,
        600
      ],
      "move": 1,
      "sense": 1,
      "sound": 1,
      "dir": 0,
      "door": 0,
      "ds": 0,
      "flags": {}
    },
    {
      "_id": "bVkYU9JQQcdbmPA2",
      "c": [
        5400,
        600,
        5400,
        2700
      ],
      "move": 1,
      "sense": 1,
      "sound": 1,
      "dir": 0,
      "door": 0,
      "ds": 0,
      "flags": {}
    },
    {
      "_id": "1pjMO2ON8BUHgwml",
      "c": [
        5400,
        2700,
        4100,
        2700
      ],
      "move": 1,
      "sense": 1,
      "sound": 1,
      "dir": 0,
      "door": 0,
      "ds": 0,
      "flags": {}
    },
    {
      "_id": "SBheNF2lWRROUmA3",
      "c": [
        4100,
        2700,
        1800,
        2700
      ],
      "move": 1,
      "sense": 1,
      "sound": 1,
      "dir": 0,
      "door": 0,
      "ds": 0,
      "flags": {}
    }
  ],
  "playlist": null,
  "playlistSound": null,
  "journal": null,
  "weather": "",
  "sort": 0,
  "flags": {
    "exportSource": {
      "world": "the-vault",
      "system": "dnd5e",
      "coreVersion": "0.8.9",
      "systemVersion": "1.4.3"
    }
  }
}